{
  "run_dir": "runs/2-Exp-35_freshretailnet_component_tsne_smoke/series_mean_all",
  "reference": "KMeans labels fitted to observed residual hour profiles",
  "metrics_space": "mean-centered, L2-normalized 24-dimensional hour profiles",
  "rows": [
    {
      "seed": 17,
      "variant": "output_decomp_no_center",
      "n_series": 100,
      "n_valid_series": 100,
      "n_clusters": 4,
      "cluster_counts": [
        31,
        9,
        50,
        10
      ],
      "profile_corr_mean": 0.4613126119310879,
      "profile_corr_median": 0.49040300012747035,
      "aggregate_profile_corr": 0.5736429144949,
      "cluster_recovery_ari": 0.014662938159754826,
      "cluster_recovery_nmi": 0.12027545477278276,
      "empirical_cluster_silhouette_in_component_space": -0.06205364653144958,
      "day_center_abs_mean": 0.3340432941913605,
      "hour_center_abs_mean": 0.0029177216347306967,
      "interaction_day_marginal_abs_mean": 0.08733580261468887,
      "interaction_hour_marginal_abs_mean": 0.08733580261468887,
      "component_corr_global_day": 0.0031549860512821624,
      "component_corr_global_hour": 0.4575272099202436,
      "component_corr_global_interaction": -0.0005954186456731621,
      "component_corr_day_hour": -0.0013002000727384976,
      "component_corr_day_interaction": 0.8455235529653167,
      "component_corr_hour_interaction": 0.10393456411557213
    },
    {
      "seed": 17,
      "variant": "output_decomp_centered",
      "n_series": 100,
      "n_valid_series": 100,
      "n_clusters": 4,
      "cluster_counts": [
        31,
        9,
        50,
        10
      ],
      "profile_corr_mean": 0.2267754633482198,
      "profile_corr_median": 0.23602108767746663,
      "aggregate_profile_corr": 0.23658894582930007,
      "cluster_recovery_ari": 0.0033274507393524703,
      "cluster_recovery_nmi": 0.047184799346939005,
      "empirical_cluster_silhouette_in_component_space": -0.04336353850676636,
      "day_center_abs_mean": 5.2899120639438024e-09,
      "hour_center_abs_mean": 2.893308703733055e-08,
      "interaction_day_marginal_abs_mean": 2.3143973404415874e-09,
      "interaction_hour_marginal_abs_mean": 1.5978402628791244e-11,
      "component_corr_global_day": 7.779725208109102e-09,
      "component_corr_global_hour": 1.9784520803376585e-07,
      "component_corr_global_interaction": -5.140904973032239e-10,
      "component_corr_day_hour": -3.546592648194066e-13,
      "component_corr_day_interaction": -1.821380905366097e-09,
      "component_corr_hour_interaction": 3.6521603732417757e-07
    }
  ],
  "aggregate": {
    "output_decomp_no_center": {
      "runs": 1,
      "aggregate_profile_corr_mean": 0.5736429144949,
      "aggregate_profile_corr_std": 0.0,
      "cluster_recovery_ari_mean": 0.014662938159754826,
      "cluster_recovery_ari_std": 0.0,
      "cluster_recovery_nmi_mean": 0.12027545477278276,
      "cluster_recovery_nmi_std": 0.0,
      "component_corr_day_hour_mean": -0.0013002000727384976,
      "component_corr_day_hour_std": 0.0,
      "component_corr_day_interaction_mean": 0.8455235529653167,
      "component_corr_day_interaction_std": 0.0,
      "component_corr_global_day_mean": 0.0031549860512821624,
      "component_corr_global_day_std": 0.0,
      "component_corr_global_hour_mean": 0.4575272099202436,
      "component_corr_global_hour_std": 0.0,
      "component_corr_global_interaction_mean": -0.0005954186456731621,
      "component_corr_global_interaction_std": 0.0,
      "component_corr_hour_interaction_mean": 0.10393456411557213,
      "component_corr_hour_interaction_std": 0.0,
      "day_center_abs_mean_mean": 0.3340432941913605,
      "day_center_abs_mean_std": 0.0,
      "empirical_cluster_silhouette_in_component_space_mean": -0.06205364653144958,
      "empirical_cluster_silhouette_in_component_space_std": 0.0,
      "hour_center_abs_mean_mean": 0.0029177216347306967,
      "hour_center_abs_mean_std": 0.0,
      "interaction_day_marginal_abs_mean_mean": 0.08733580261468887,
      "interaction_day_marginal_abs_mean_std": 0.0,
      "interaction_hour_marginal_abs_mean_mean": 0.08733580261468887,
      "interaction_hour_marginal_abs_mean_std": 0.0,
      "n_clusters_mean": 4.0,
      "n_clusters_std": 0.0,
      "n_series_mean": 100.0,
      "n_series_std": 0.0,
      "n_valid_series_mean": 100.0,
      "n_valid_series_std": 0.0,
      "profile_corr_mean_mean": 0.4613126119310879,
      "profile_corr_mean_std": 0.0,
      "profile_corr_median_mean": 0.49040300012747035,
      "profile_corr_median_std": 0.0
    },
    "output_decomp_centered": {
      "runs": 1,
      "aggregate_profile_corr_mean": 0.23658894582930007,
      "aggregate_profile_corr_std": 0.0,
      "cluster_recovery_ari_mean": 0.0033274507393524703,
      "cluster_recovery_ari_std": 0.0,
      "cluster_recovery_nmi_mean": 0.047184799346939005,
      "cluster_recovery_nmi_std": 0.0,
      "component_corr_day_hour_mean": -3.546592648194066e-13,
      "component_corr_day_hour_std": 0.0,
      "component_corr_day_interaction_mean": -1.821380905366097e-09,
      "component_corr_day_interaction_std": 0.0,
      "component_corr_global_day_mean": 7.779725208109102e-09,
      "component_corr_global_day_std": 0.0,
      "component_corr_global_hour_mean": 1.9784520803376585e-07,
      "component_corr_global_hour_std": 0.0,
      "component_corr_global_interaction_mean": -5.140904973032239e-10,
      "component_corr_global_interaction_std": 0.0,
      "component_corr_hour_interaction_mean": 3.6521603732417757e-07,
      "component_corr_hour_interaction_std": 0.0,
      "day_center_abs_mean_mean": 5.2899120639438024e-09,
      "day_center_abs_mean_std": 0.0,
      "empirical_cluster_silhouette_in_component_space_mean": -0.04336353850676636,
      "empirical_cluster_silhouette_in_component_space_std": 0.0,
      "hour_center_abs_mean_mean": 2.893308703733055e-08,
      "hour_center_abs_mean_std": 0.0,
      "interaction_day_marginal_abs_mean_mean": 2.3143973404415874e-09,
      "interaction_day_marginal_abs_mean_std": 0.0,
      "interaction_hour_marginal_abs_mean_mean": 1.5978402628791244e-11,
      "interaction_hour_marginal_abs_mean_std": 0.0,
      "n_clusters_mean": 4.0,
      "n_clusters_std": 0.0,
      "n_series_mean": 100.0,
      "n_series_std": 0.0,
      "n_valid_series_mean": 100.0,
      "n_valid_series_std": 0.0,
      "profile_corr_mean_mean": 0.2267754633482198,
      "profile_corr_mean_std": 0.0,
      "profile_corr_median_mean": 0.23602108767746663,
      "profile_corr_median_std": 0.0
    }
  }
}
