{
  "run_dir": "runs/2-Exp-35_freshretailnet_component_tsne/series_mean_all",
  "reference": "KMeans labels fitted to observed residual hour profiles",
  "metrics_space": "mean-centered, L2-normalized 24-dimensional hour profiles",
  "rows": [
    {
      "seed": 17,
      "variant": "output_decomp_no_center",
      "n_series": 1500,
      "n_valid_series": 1500,
      "n_clusters": 4,
      "cluster_counts": [
        498,
        456,
        352,
        194
      ],
      "profile_corr_mean": 0.7699157031679962,
      "profile_corr_median": 0.7869558623660817,
      "aggregate_profile_corr": 0.8831275102163125,
      "cluster_recovery_ari": 0.033039120667290776,
      "cluster_recovery_nmi": 0.06845686805572636,
      "empirical_cluster_silhouette_in_component_space": -0.0037293111975343803,
      "day_center_abs_mean": 0.10569102317094803,
      "hour_center_abs_mean": 0.05431269854307175,
      "interaction_day_marginal_abs_mean": 0.06762317568063736,
      "interaction_hour_marginal_abs_mean": 0.06762317568063736,
      "component_corr_global_day": -0.04084889061989543,
      "component_corr_global_hour": 0.17138833105294254,
      "component_corr_global_interaction": 0.30030913264243064,
      "component_corr_day_hour": -0.036626487749619685,
      "component_corr_day_interaction": 0.14863241815001405,
      "component_corr_hour_interaction": 0.2959786702501836,
      "city_id_silhouette_in_component_space": -0.012185545389923958
    },
    {
      "seed": 17,
      "variant": "output_decomp_centered",
      "n_series": 1500,
      "n_valid_series": 1500,
      "n_clusters": 4,
      "cluster_counts": [
        498,
        456,
        352,
        194
      ],
      "profile_corr_mean": 0.9862901167340118,
      "profile_corr_median": 0.992866185617126,
      "aggregate_profile_corr": 0.9968089554288918,
      "cluster_recovery_ari": 0.7254332539169096,
      "cluster_recovery_nmi": 0.6667316184059515,
      "empirical_cluster_silhouette_in_component_space": 0.08787950676777617,
      "day_center_abs_mean": 2.712587710007597e-09,
      "hour_center_abs_mean": 8.162654552279491e-09,
      "interaction_day_marginal_abs_mean": 1.3667968978836598e-08,
      "interaction_hour_marginal_abs_mean": 2.007292776440295e-09,
      "component_corr_global_day": 7.437791939974209e-09,
      "component_corr_global_hour": -4.12553475107092e-09,
      "component_corr_global_interaction": 8.486822633705773e-11,
      "component_corr_day_hour": -1.8345535413039842e-16,
      "component_corr_day_interaction": -1.1202235048763615e-07,
      "component_corr_hour_interaction": -2.738072313547364e-07,
      "city_id_silhouette_in_component_space": -0.0773864741354312
    },
    {
      "seed": 23,
      "variant": "output_decomp_no_center",
      "n_series": 1500,
      "n_valid_series": 1500,
      "n_clusters": 4,
      "cluster_counts": [
        498,
        456,
        352,
        194
      ],
      "profile_corr_mean": 0.7885106644899779,
      "profile_corr_median": 0.805730517797197,
      "aggregate_profile_corr": 0.8957747585675042,
      "cluster_recovery_ari": 0.07251521058274556,
      "cluster_recovery_nmi": 0.11031066164914807,
      "empirical_cluster_silhouette_in_component_space": 0.005156377485386106,
      "day_center_abs_mean": 0.023646650835871696,
      "hour_center_abs_mean": 0.020565493032336235,
      "interaction_day_marginal_abs_mean": 0.007655902300029993,
      "interaction_hour_marginal_abs_mean": 0.00765590276569128,
      "component_corr_global_day": 0.004990586676115795,
      "component_corr_global_hour": -0.041021690215319,
      "component_corr_global_interaction": 0.6399036135931021,
      "component_corr_day_hour": -0.0023033808756891786,
      "component_corr_day_interaction": -0.10441400374055448,
      "component_corr_hour_interaction": -0.5152532782702456,
      "city_id_silhouette_in_component_space": -0.03720718463801918
    },
    {
      "seed": 23,
      "variant": "output_decomp_centered",
      "n_series": 1500,
      "n_valid_series": 1500,
      "n_clusters": 4,
      "cluster_counts": [
        498,
        456,
        352,
        194
      ],
      "profile_corr_mean": 0.9842304700472826,
      "profile_corr_median": 0.9921289866213314,
      "aggregate_profile_corr": 0.9977774139911673,
      "cluster_recovery_ari": 0.5666213002468824,
      "cluster_recovery_nmi": 0.5465845004401017,
      "empirical_cluster_silhouette_in_component_space": 0.07754548280225415,
      "day_center_abs_mean": 8.133522744202537e-10,
      "hour_center_abs_mean": 2.6521738138995943e-09,
      "interaction_day_marginal_abs_mean": 1.2798250237366915e-09,
      "interaction_hour_marginal_abs_mean": 1.917208752866273e-10,
      "component_corr_global_day": -2.903135792507074e-09,
      "component_corr_global_hour": -1.70623069338352e-08,
      "component_corr_global_interaction": 5.944542510564575e-11,
      "component_corr_day_hour": -1.6495302445039656e-16,
      "component_corr_day_interaction": -2.5343283405197733e-08,
      "component_corr_hour_interaction": -6.26067330032806e-08,
      "city_id_silhouette_in_component_space": -0.018267412227116493
    },
    {
      "seed": 31,
      "variant": "output_decomp_no_center",
      "n_series": 1500,
      "n_valid_series": 1500,
      "n_clusters": 4,
      "cluster_counts": [
        498,
        456,
        352,
        194
      ],
      "profile_corr_mean": 0.7527800850848275,
      "profile_corr_median": 0.7682004675609454,
      "aggregate_profile_corr": 0.8958059931121231,
      "cluster_recovery_ari": 0.020781903511052045,
      "cluster_recovery_nmi": 0.04406814774764453,
      "empirical_cluster_silhouette_in_component_space": -0.02611372953313972,
      "day_center_abs_mean": 0.0882904902100563,
      "hour_center_abs_mean": 0.0187212023884058,
      "interaction_day_marginal_abs_mean": 0.0501977801322937,
      "interaction_hour_marginal_abs_mean": 0.0501977764070034,
      "component_corr_global_day": 0.10379772989627874,
      "component_corr_global_hour": 0.01405252837912114,
      "component_corr_global_interaction": 0.323653331677609,
      "component_corr_day_hour": 0.012715887688203278,
      "component_corr_day_interaction": -0.028344773261902236,
      "component_corr_hour_interaction": -0.18048600988412608,
      "city_id_silhouette_in_component_space": 0.0568441755331556
    },
    {
      "seed": 31,
      "variant": "output_decomp_centered",
      "n_series": 1500,
      "n_valid_series": 1500,
      "n_clusters": 4,
      "cluster_counts": [
        498,
        456,
        352,
        194
      ],
      "profile_corr_mean": 0.954210249553989,
      "profile_corr_median": 0.97113516124739,
      "aggregate_profile_corr": 0.990764672173555,
      "cluster_recovery_ari": 0.66947204618806,
      "cluster_recovery_nmi": 0.6097920177025384,
      "empirical_cluster_silhouette_in_component_space": 0.08538422465251351,
      "day_center_abs_mean": 7.22127024843644e-10,
      "hour_center_abs_mean": 2.287884548479724e-09,
      "interaction_day_marginal_abs_mean": 6.1549769725388614e-09,
      "interaction_hour_marginal_abs_mean": 3.5141475840383407e-10,
      "component_corr_global_day": 5.3393965453849175e-09,
      "component_corr_global_hour": -5.299715240231889e-09,
      "component_corr_global_interaction": -8.629193264956947e-11,
      "component_corr_day_hour": -1.4129063573978807e-16,
      "component_corr_day_interaction": -3.0811506277003206e-08,
      "component_corr_hour_interaction": -1.3313125144673567e-07,
      "city_id_silhouette_in_component_space": -0.025338528710079838
    }
  ],
  "aggregate": {
    "output_decomp_no_center": {
      "runs": 3,
      "aggregate_profile_corr_mean": 0.89156942063198,
      "aggregate_profile_corr_std": 0.007310925556918887,
      "city_id_silhouette_in_component_space_mean": 0.002483815168404152,
      "city_id_silhouette_in_component_space_std": 0.04871146879231507,